{
  "project_info": {
    "project_number": "370905029474",
    "project_id": "fir-app-13b7c",
    "storage_bucket": "fir-app-13b7c.firebasestorage.app"
  },
  "client": [
    {
      "client_info": {
        "mobilesdk_app_id": "1:370905029474:android:9debeeeec309b2ad9baa3b",
        "android_client_info": {
          "package_name": "com.example.tutorappextravaganza"
        }
      },
      "oauth_client": [],
      "api_key": [
        {
          "current_key": "AIzaSyBf3gOQA0Uuas50YSW9TKDn125Pvo-hN34"
        }
      ],
      "services": {
        "appinvite_service": {
          "other_platform_oauth_client": []
        }
      }
    }
  ],
  "configuration_version": "1"
}